review,sentiment
I love this product,positive
This product is amazing,positive
Excellent quality and fast service,positive
Very happy with the purchase,positive
Great value for the price,positive
Wonderful experience overall,positive
This is fantastic and reliable,positive
I really enjoyed this item,positive
The product is superb,positive
Amazing performance and design,positive
I would recommend this product,positive
Very satisfied with the results,positive
Excellent product and great support,positive
This is a perfect purchase,positive
Loved it from the first use,positive
This product is outstanding,positive
The quality is excellent,positive
I am delighted with it,positive
Very positive experience,positive
I like it very much,positive
The product feels premium,positive
A great buy,positive
Fantastic quality and easy to use,positive
This exceeded my expectations,positive
The item is wonderful,positive
I am very pleased with it,positive
This is a terrific product,positive
Everything about it is great,positive
Strongly recommend this item,positive
The product is highly impressive,positive
The product is okay,neutral
It is average quality,neutral
The item is fine,neutral
A decent product overall,neutral
The quality is acceptable,neutral
This is neither great nor terrible,neutral
It works as expected,neutral
The performance is moderate,neutral
The product is just alright,neutral
I have mixed feelings,neutral
It is neither excellent nor poor,neutral
The product is standard,neutral
The experience is normal,neutral
It is reasonable for the price,neutral
This is an ordinary product,neutral
A fairly neutral experience,neutral
I feel okay about it,neutral
The item is acceptable,neutral
It is not bad but not special,neutral
This product is fine,neutral
The result was okay,neutral
It was a middle of the road experience,neutral
Not great but not terrible,neutral
The quality is decent,neutral
It was acceptable,neutral
This is a balanced review,neutral
It is somewhat average,neutral
The product is mediocre,neutral
The item is simply okay,neutral
I do not feel strongly either way,neutral
No strong opinion either way,neutral
This product is terrible,negative
I hate this product,negative
Very bad quality,negative
The item is awful,negative
This was a waste of money,negative
The product is poor,negative
I regret buying this,negative
Terrible experience,negative
The quality is very disappointing,negative
This is horrible,negative
The product is useless,negative
I would not buy this again,negative
The design is bad,negative
The product failed quickly,negative
Very disappointing results,negative
This is unacceptable,negative
I am unhappy with it,negative
The quality is low,negative
This was a bad purchase,negative
The item is broken,negative
Awful and frustrating,negative
The performance is poor,negative
This is a terrible choice,negative
I dislike it greatly,negative
The experience was horrible,negative
Very disappointed overall,negative
This product is below average,negative
It was a complete failure,negative
I am dissatisfied with it,negative
The item is unreliable,negative
This was a mistake to buy,negative
The product is not worth it,negative
The quality is weak,negative
The item was disappointing,negative
I feel cheated by this product,negative
